<?xml version="1.0" encoding="utf-8"?>
<ShipyardConfig xmlns:xsd="http://www.w3.org/2001/XMLSchema" xmlns:xsi="http://www.w3.org/2001/XMLSchema-instance">
  <NearStartPointToClaim>true</NearStartPointToClaim>
  <MaxShipyardSlots>1</MaxShipyardSlots>
  <SecondsPerBlockBase>0.2</SecondsPerBlockBase>
  <StartingSpeedMultiply>8</StartingSpeedMultiply>
  <MaxSpeedReduction>1</MaxSpeedReduction>
  <SaveGameOnPrintStart>true</SaveGameOnPrintStart>
  <ShowMoneyTakenOnStart>true</ShowMoneyTakenOnStart>
  <MaximumPCU>60000</MaximumPCU>
</ShipyardConfig>