{
  "IsOpenToAll": false,
  "AllianceId": "186ef5d6-95ca-44d0-ac11-18352741ce50",
  "name": "Blue",
  "description": null,
  "SupremeLeader": 76561197964607808,
  "LeaderTitle": "Supreme Leader",
  "AllowElections": false,
  "BlockedFactions": [],
  "otherTitles": {},
  "DiscordToken": "",
  "DiscordChannelId": 0,
  "enemies": [],
  "EditorKicks": [],
  "EditorInvites": [],
  "EnemyFactions": [],
  "friendlies": [],
  "FriendlyFactions": [],
  "reputation": 0,
  "Invites": [],
  "AllianceMembers": [
    221925426232342116,
    266986924617334900
  ],
  "GridRepairUpgrade": 0,
  "bankBalance": 1501,
  "hasUnlockedShipyard": false,
  "hasUnlockedHangar": true,
  "CustomRankPermissions": {
    "Admiral": {
      "permissions": [
        0,
        1,
        5,
        4,
        8,
        9,
        16
      ],
      "permissionLevel": 0,
      "taxRate": 0.0,
      "RankName": null,
      "Key": null
    }
  },
  "PlayersCustomRank": {
    "76561197964607808": "Admiral",
    "76561198127374400": "Admiral"
  },
  "UnrankedPerms": {
    "permissions": [],
    "permissionLevel": 0,
    "taxRate": 0.0,
    "RankName": null,
    "Key": null
  },
  "CurrentMetaPoints": 0,
  "inheritance": {},
  "playerPermissions": {},
  "ElectionCycle": false,
  "ShipyardFee": 25000000,
  "r": 66,
  "g": 163,
  "b": 237,
  "failedUpkeep": 0,
  "RefineryUpgradeLevel": 1,
  "AssemblerUpgradeLevel": 1,
  "ForceFriends": true,
  "leadertax": 0.0
}