<?xml version="1.0" encoding="utf-8"?>
<CaptureSite xmlns:xsd="http://www.w3.org/2001/XMLSchema" xmlns:xsi="http://www.w3.org/2001/XMLSchema-instance">
  <IsChainCap>false</IsChainCap>
  <ChainStartNumber>30</ChainStartNumber>
  <ChainEndNumber>0</ChainEndNumber>
  <DoSuitCaps>false</DoSuitCaps>
  <caplog>
    <totalCaps>0</totalCaps>
    <caps />
  </caplog>
  <LockOnFail>true</LockOnFail>
  <Name>Default, change this</Name>
  <FDiscordR>255</FDiscordR>
  <FDiscordG>255</FDiscordG>
  <FDiscordB>255</FDiscordB>
  <FactionDiscordChannelId>0</FactionDiscordChannelId>
  <AllianceSite>false</AllianceSite>
  <amountCaptured>0</amountCaptured>
  <MinutesBeforeCaptureStarts>10</MinutesBeforeCaptureStarts>
  <ChangeCapSiteOnUnlock>true</ChangeCapSiteOnUnlock>
  <LockAfterSoManyHoursOpen>false</LockAfterSoManyHoursOpen>
  <LockAgainAfterThisManyHours>2</LockAgainAfterThisManyHours>
  <CaptureStarted>false</CaptureStarted>
  <PickNewSiteOnUnlock>false</PickNewSiteOnUnlock>
  <Locked>false</Locked>
  <OnlyDoLootOnceAfterCap>false</OnlyDoLootOnceAfterCap>
  <SecondsForOneLootSpawnAfterCap>600</SecondsForOneLootSpawnAfterCap>
  <SecondsBetweenCaptureCheck>60</SecondsBetweenCaptureCheck>
  <PointsPerCap>10</PointsPerCap>
  <PointsToCap>100</PointsToCap>
  <CurrentSite>1</CurrentSite>
  <AllianceOwner>00000000-0000-0000-0000-000000000000</AllianceOwner>
  <CapturingAlliance>00000000-0000-0000-0000-000000000000</CapturingAlliance>
  <FactionOwner>1</FactionOwner>
  <CapturingFaction>0</CapturingFaction>
  <hourCooldownAfterFail>1</hourCooldownAfterFail>
  <hoursToLockAfterNormalCap>12</hoursToLockAfterNormalCap>
  <nextCaptureAvailable>2023-05-09T17:28:42.2677775-06:00</nextCaptureAvailable>
  <doChatMessages>true</doChatMessages>
  <doDiscordMessages>true</doDiscordMessages>
  <nextCaptureInterval>2023-05-09T17:28:42.2677775-06:00</nextCaptureInterval>
  <unlockTime>2023-05-09T17:28:42.2677775-06:00</unlockTime>
  <locations>
    <Location>
      <Enabled>false</Enabled>
      <WorldName>test</WorldName>
      <chance>1</chance>
      <Num>1</Num>
      <X>1</X>
      <Y>1</Y>
      <Z>1</Z>
      <CaptureRadiusInMetre>2000</CaptureRadiusInMetre>
      <RequireCaptureBlockForLootGen>true</RequireCaptureBlockForLootGen>
      <CaptureBlockRange>40000</CaptureBlockRange>
      <captureBlockType>Beacon</captureBlockType>
      <captureBlockSubtype>LargeBlockBeacon</captureBlockSubtype>
      <Name>Example Location 1</Name>
      <LinkedLootLocation>1</LinkedLootLocation>
      <KothBuildingOwner>BOB</KothBuildingOwner>
      <GpsName>Capture site Location 1</GpsName>
      <MaxLootAmount>1</MaxLootAmount>
      <LinkedTerritory>Change this</LinkedTerritory>
      <HasTerritory>false</HasTerritory>
      <ChangeToDefinedTerritory>false</ChangeToDefinedTerritory>
      <ChangeToThisNum>1</ChangeToThisNum>
      <OwningAlliance>00000000-0000-0000-0000-000000000000</OwningAlliance>
      <MoneyForOwningIfOwnTerritory>1000000</MoneyForOwningIfOwnTerritory>
      <LowerOnAttackSuccessBy>1</LowerOnAttackSuccessBy>
      <RaiseOnAttackFailBy>1</RaiseOnAttackFailBy>
      <secondsToLock>600</secondsToLock>
    </Location>
  </locations>
  <loot>
    <LootLocation>
      <Num>1</Num>
      <WorldName>test</WorldName>
      <X>1</X>
      <Y>1</Y>
      <Z>1</Z>
      <LootBoxTerminalName>LOOT BOX</LootBoxTerminalName>
      <SecondsBetweenCoreSpawn>180</SecondsBetweenCoreSpawn>
      <loot>
        <RewardItem>
          <chance>1</chance>
          <ItemMinAmount>0</ItemMinAmount>
          <ItemMaxAmount>0</ItemMaxAmount>
          <CreditReward>5000000</CreditReward>
          <MetaPoint>0</MetaPoint>
        </RewardItem>
        <RewardItem>
          <chance>1</chance>
          <ItemMinAmount>1</ItemMinAmount>
          <ItemMaxAmount>5</ItemMaxAmount>
          <TypeId>Ingot</TypeId>
          <SubTypeId>Uranium</SubTypeId>
          <CreditReward>0</CreditReward>
          <MetaPoint>0</MetaPoint>
        </RewardItem>
        <RewardItem>
          <chance>1</chance>
          <ItemMinAmount>0</ItemMinAmount>
          <ItemMaxAmount>0</ItemMaxAmount>
          <CreditReward>0</CreditReward>
          <MetaPoint>50</MetaPoint>
        </RewardItem>
      </loot>
      <nextCoreSpawn>2023-05-09T17:28:42.2677775-06:00</nextCoreSpawn>
      <LootboxGridEntityId>0</LootboxGridEntityId>
      <RadiusToCheck>1000</RadiusToCheck>
      <KothBuildingOwner>BOB</KothBuildingOwner>
    </LootLocation>
  </loot>
</CaptureSite>