<?xml version="1.0" encoding="utf-8"?>
<KothConfig xmlns:xsd="http://www.w3.org/2001/XMLSchema" xmlns:xsi="http://www.w3.org/2001/XMLSchema-instance">
  <ShowSafeZone>true</ShowSafeZone>
  <SafeZoneId>1</SafeZoneId>
  <x>1</x>
  <y>1</y>
  <z>1</z>
  <RequireCaptureBlockForLootGen>true</RequireCaptureBlockForLootGen>
  <HasReward>true</HasReward>
  <KothName>example</KothName>
  <RewardTypeId>Ingot</RewardTypeId>
  <RewardSubTypeId>Iron</RewardSubTypeId>
  <RewardAmount>1</RewardAmount>
  <SpaceMoneyReward>0</SpaceMoneyReward>
  <enabled>true</enabled>
  <LinkedTerritory />
  <HasTerritory>false</HasTerritory>
  <TerritoryCapEntryMessage>Entering {name} Capture Radius</TerritoryCapEntryMessage>
  <TerritoryHeldMessage>Controlled by {alliance}</TerritoryHeldMessage>
  <TerritoryExitMessage>Leaving {name} Capture Zone</TerritoryExitMessage>
  <CaptureMessageRadius>25000</CaptureMessageRadius>
  <KothBuildingOwner>BOB</KothBuildingOwner>
  <LootboxGridEntityId>107146895014781557</LootboxGridEntityId>
  <LootBoxTerminalName>LOOT BOX</LootBoxTerminalName>
  <capturingNation>00000000-0000-0000-0000-000000000000</capturingNation>
  <amountCaptured>0</amountCaptured>
  <MinutesBeforeCaptureStarts>0</MinutesBeforeCaptureStarts>
  <CaptureRadiusInMetre>200</CaptureRadiusInMetre>
  <DoCaptureBlockHalfLootTime>false</DoCaptureBlockHalfLootTime>
  <SecondsBetweenCoreSpawn>10</SecondsBetweenCoreSpawn>
  <SecondsBetweenCaptureCheck>60</SecondsBetweenCaptureCheck>
  <PointsPerCap>10</PointsPerCap>
  <PointsToCap>20</PointsToCap>
  <MinsPerCaptureBroadcast>1</MinsPerCaptureBroadcast>
  <MetaPointsPerCapWithBonus>1</MetaPointsPerCapWithBonus>
  <MetaPointsPerCap>1</MetaPointsPerCap>
  <owner>00000000-0000-0000-0000-000000000000</owner>
  <captureBlockType>Beacon</captureBlockType>
  <captureBlockSubtype>LargeBlockBeacon</captureBlockSubtype>
  <hourCooldownAfterFail>1</hourCooldownAfterFail>
  <hoursToLockAfterCap>12</hoursToLockAfterCap>
  <nextCaptureAvailable>2023-05-10T23:04:52.7446704-06:00</nextCaptureAvailable>
  <doChatMessages>true</doChatMessages>
  <doDiscordMessages>true</doDiscordMessages>
  <nextCaptureInterval>2023-07-20T20:35:06.8935193-06:00</nextCaptureInterval>
  <nextCoreSpawn>2023-07-20T20:34:19.5096625-06:00</nextCoreSpawn>
  <nextBroadcast>2023-05-09T17:28:42.3745416-06:00</nextBroadcast>
  <unlockTime>2024-05-11T00:10:27.505283-06:00</unlockTime>
  <CaptureStarted>false</CaptureStarted>
  <IsDenialPoint>false</IsDenialPoint>
  <DeniedKoth>example</DeniedKoth>
</KothConfig>