<?xml version="1.0" encoding="utf-8"?>
<City xmlns:xsd="http://www.w3.org/2001/XMLSchema" xmlns:xsi="http://www.w3.org/2001/XMLSchema-instance">
  <CityId>ebdf024c-8ccb-4caa-b1f6-cc2aa6b40396</CityId>
  <SiegeBeaconSubTypeId>LargeBlockBeacon</SiegeBeaconSubTypeId>
  <CityName>This will pull from SZ block</CityName>
  <CityType>Default Example</CityType>
  <CityRadius>50000</CityRadius>
  <HasInit>false</HasInit>
  <SiegeProgress>0</SiegeProgress>
  <SiegePointsToDropSafeZone>30</SiegePointsToDropSafeZone>
  <SecondsBeforeCityOperational>130</SecondsBeforeCityOperational>
  <SecondsBetweenCrafting>3600</SecondsBetweenCrafting>
  <SpaceCreditsToCityOwners>0</SpaceCreditsToCityOwners>
  <SecondsBetweenCreditPayout>3600</SecondsBetweenCreditPayout>
  <ShipyardSpeedBuffPercent>0.1</ShipyardSpeedBuffPercent>
  <CraftableItems>
    <CraftedItem>
      <TypeId>Ore</TypeId>
      <SubtypeId>Iron</SubtypeId>
      <ChanceToCraft>1</ChanceToCraft>
      <SpaceCreditsPerCraft>0</SpaceCreditsPerCraft>
      <AmountPerCraft>50</AmountPerCraft>
      <RequiredItems>
        <RecipeItem>
          <TypeId>Ingot</TypeId>
          <SubtypeId>Iron</SubtypeId>
          <SpaceCreditsPerCraft>0</SpaceCreditsPerCraft>
          <Amount>1</Amount>
        </RecipeItem>
      </RequiredItems>
      <SecondsBetweenCycles>60</SecondsBetweenCycles>
      <NextCraftCycle>2023-05-09T17:28:16.372093-06:00</NextCraftCycle>
    </CraftedItem>
  </CraftableItems>
  <SpawnedItems>
    <SpawnedItem>
      <TypeId>Ingot</TypeId>
      <SubtypeId>Iron</SubtypeId>
      <AmountPerSpawn>1</AmountPerSpawn>
      <NextSpawn>2023-05-09T17:28:16.372093-06:00</NextSpawn>
      <SecondsBetweenSpawns>60</SecondsBetweenSpawns>
    </SpawnedItem>
  </SpawnedItems>
  <nextCraftRefresh>2023-05-09T17:28:16.372093-06:00</nextCraftRefresh>
  <EnableStationCrafting>false</EnableStationCrafting>
  <NextPayoutTime>2023-05-09T17:28:16.372093-06:00</NextPayoutTime>
  <GridId>0</GridId>
  <SafeZoneSubTypeId>SafeZoneBlock</SafeZoneSubTypeId>
  <SafeZoneBlockId>0</SafeZoneBlockId>
  <TimeCanInit>0001-01-01T00:00:00</TimeCanInit>
  <DiscordChannelId>0</DiscordChannelId>
  <OwningTerritory>00000000-0000-0000-0000-000000000000</OwningTerritory>
  <AllianceId>00000000-0000-0000-0000-000000000000</AllianceId>
</City>