{
  "IsOpenToAll": false,
  "AllianceId": "cfbc8bbe-1015-40cc-b412-529bb32ffb61",
  "name": "Peacemakers",
  "description": null,
  "SupremeLeader": 76561197972933601,
  "LeaderTitle": "Supreme Leader",
  "AllowElections": false,
  "BlockedFactions": [],
  "otherTitles": {},
  "DiscordToken": "",
  "DiscordChannelId": 0,
  "enemies": [],
  "EditorKicks": [],
  "EditorInvites": [],
  "EnemyFactions": [],
  "friendlies": [],
  "FriendlyFactions": [],
  "reputation": 0,
  "Invites": [],
  "AllianceMembers": [
    243196304528966028
  ],
  "GridRepairUpgrade": 0,
  "bankBalance": 0,
  "hasUnlockedShipyard": false,
  "hasUnlockedHangar": false,
  "CustomRankPermissions": {
    "Admiral": {
      "permissions": [
        0,
        1,
        5,
        4,
        8,
        9,
        16
      ],
      "permissionLevel": 0,
      "taxRate": 0.0,
      "RankName": null,
      "Key": null
    }
  },
  "PlayersCustomRank": {
    "76561197972933601": "Admiral"
  },
  "UnrankedPerms": {
    "permissions": [],
    "permissionLevel": 0,
    "taxRate": 0.0,
    "RankName": null,
    "Key": null
  },
  "CurrentMetaPoints": 0,
  "inheritance": {},
  "playerPermissions": {},
  "ElectionCycle": false,
  "ShipyardFee": 0,
  "r": 66,
  "g": 163,
  "b": 237,
  "failedUpkeep": 0,
  "RefineryUpgradeLevel": 0,
  "AssemblerUpgradeLevel": 0,
  "ForceFriends": true,
  "leadertax": 0.0
}