<?xml version="1.0" encoding="utf-8"?>
<ShipyardBlockConfig xmlns:xsd="http://www.w3.org/2001/XMLSchema" xmlns:xsi="http://www.w3.org/2001/XMLSchema-instance">
  <enabled>true</enabled>
  <MaximumBlockSize>10000</MaximumBlockSize>
  <SubtypeId>SmallProjector</SubtypeId>
  <SecondsPerBlock>1</SecondsPerBlock>
  <SCPerBlock>5000</SCPerBlock>
  <FuelTypeId>MyObjectBuilder_Ingot</FuelTypeId>
  <FuelSubTypeId>Uranium</FuelSubTypeId>
  <SecondsPerInterval>10</SecondsPerInterval>
  <FuelPerInterval>1</FuelPerInterval>
</ShipyardBlockConfig>