<?xml version="1.0" encoding="utf-8"?>
<ShipyardSpeedUpgrade xmlns:xsd="http://www.w3.org/2001/XMLSchema" xmlns:xsi="http://www.w3.org/2001/XMLSchema-instance">
  <UpgradeId>0</UpgradeId>
  <Enabled>false</Enabled>
  <NewSpeed>10</NewSpeed>
  <MoneyRequired>5000000</MoneyRequired>
  <MetaPointsRequired>500000</MetaPointsRequired>
  <items>
    <ItemRequirement>
      <Enabled>false</Enabled>
      <RequiredAmount>50</RequiredAmount>
      <TypeId>Ingot</TypeId>
      <SubTypeId>Uranium</SubTypeId>
    </ItemRequirement>
  </items>
</ShipyardSpeedUpgrade>